{"Apple Red 2+Apple Braeburn": 1393, "Apple Pink Lady+Apple Crimson Snow": 4533, "Apple Red 3+Apple Red 1": 363, "Orange+Apricot": 917, "Corn+Banana": 131, "Walnut+Beetroot": 91, "Hazelnut+Beetroot": 110, "Pear Williams+Cactus fruit": 33, "Quince+Cantaloupe 1": 206, "Pear Williams+Cantaloupe 2": 23, "Limes+Cantaloupe 2": 14, "Grape White 2+Cantaloupe 2": 5, "Quince+Carambula": 94, "Cantaloupe 1+Carambula": 15, "Lemon+Carambula": 19, "Physalis with Husk+Carambula": 1257, "Pear Monster+Carambula": 490, "Guava+Carambula": 46, "Lemon Meyer+Carambula": 18, "Cherry Rainier+Cherry 2": 401, "Redcurrant+Cherry 2": 37, "Pepino+Cherry Rainier": 3953, "Ginger Root+Cherry Rainier": 49, "Potato Sweet+Cherry Rainier": 31, "Nut Pecan+Cherry Rainier": 60, "Potato Red Washed+Cherry Rainier": 93, "Potato White+Cherry Rainier": 24, "Pear 2+Cherry Rainier": 230, "Peach Flat+Cherry Rainier": 78, "Pear Abate+Chestnut": 1, "Mangostan+Chestnut": 699, "Walnut+Cocos": 7, "Physalis with Husk+Corn": 1334, "Guava+Corn": 496, "Onion White+Corn": 1260, "Lemon+Corn": 282, "Peach 2+Corn": 1739, "Grape White 3+Corn": 48, "Pear Stone+Corn Husk": 1568, "Watermelon+Corn Husk": 725, "Pear Williams+Corn Husk": 61, "Cauliflower+Corn Husk": 205, "Grape White+Corn Husk": 317, "Ginger Root+Corn Husk": 23, "Pear 2+Corn Husk": 3, "Limes+Corn Husk": 116, "Kohlrabi+Corn Husk": 299, "Plum 3+Eggplant": 211, "Cocos+Eggplant": 1, "Beetroot+Eggplant": 301, "Pear Stone+Eggplant": 2103, "Rambutan+Eggplant": 9, "Passion Fruit+Eggplant": 4, "Watermelon+Ginger Root": 14, "Cauliflower+Ginger Root": 1888, "Lemon+Grapefruit White": 149, "Peach 2+Kiwi": 13, "Onion White+Kiwi": 10, "Apple Crimson Snow+Mango Red": 310, "Apple Pink Lady+Mango Red": 60, "Quince+Maracuja": 254, "Carambula+Maracuja": 179, "Lemon+Maracuja": 57, "Grapefruit White+Maracuja": 8, "Apple Red Yellow 1+Nectarine": 97, "Apple Red Yellow 2+Nectarine Flat": 109, "Apple Braeburn+Nectarine Flat": 29, "Pear Forelle+Nut Forest": 47, "Pear 2+Banana Red": 47, "Chestnut+Banana Red": 106, "Pear Abate+Cucumber Ripe": 3, "Pear Stone+Kohlrabi": 63, "Rambutan+Passion Fruit": 59, "Apple Braeburn+Peach": 510, "Apple Red 1+Peach": 281, "Pear+Peach Flat": 31, "Apple Golden 3+Pear": 1279, "Strawberry+Pear 2": 94, "Ginger Root+Pear 2": 4, "Pear Forelle+Pear 2": 214, "Apple Red 1+Pear 2": 29, "Pepino+Pear 2": 37, "Onion White+Pear 2": 2881, "Apple Pink Lady+Pear 2": 643, "Pear Williams+Pear 2": 60, "Potato White+Pear 2": 117, "Nut Pecan+Pear 2": 9, "Apple Crimson Snow+Pear 2": 10, "Mango Red+Pear 2": 24, "Peach Flat+Pear 2": 547, "Cantaloupe 2+Pear 2": 6, "Apple Braeburn+Pear 2": 26, "Nut Pecan+Pear Abate": 458, "Chestnut+Pear Abate": 293, "Mangostan+Pear Abate": 192, "Kiwi+Pear Forelle": 9, "Potato White+Pear Forelle": 53, "Cantaloupe 1+Pear Monster": 32, "Beetroot+Pear Stone": 108, "Grape White 2+Pepino": 88, "Pear Williams+Pepino": 339, "Pepper Yellow+Pepper Orange": 552, "Lemon+Physalis with Husk": 46, "Kumquats+Physalis with Husk": 1, "Onion White+Physalis with Husk": 16, "Salak+Plum": 54, "Apple Red 1+Pomegranate": 909, "Walnut+Potato Red": 188, "Beetroot+Potato Red": 54, "Pomegranate+Potato Red Washed": 78, "Potato Red+Potato Sweet": 1134, "Ginger Root+Potato Sweet": 136, "Ginger Root+Potato White": 138, "Apple Red 1+Strawberry": 3, "Hazelnut+Strawberry Wedge": 31, "Apple Red Delicious+Strawberry Wedge": 34, "Nut Pecan+Strawberry Wedge": 19, "Chestnut+Strawberry Wedge": 188, "Tomato 4+Tomato 3": 147, "Nectarine+Apple Braeburn": 361, "Grapefruit Pink+Apple Braeburn": 12, "Onion Red Peeled+Apple Crimson Snow": 12, "Watermelon+Apple Golden 1": 16, "Quince+Apple Golden 1": 1, "Apple Golden 3+Apple Granny Smith": 76, "Apricot+Apple Pink Lady": 3, "Apple Braeburn+Apple Red 1": 269, "Nectarine+Apple Red 1": 11, "Apple Golden 3+Apple Red 2": 12, "Apple Braeburn+Apple Red 2": 1862, "Peach+Apple Red 3": 24, "Apple Pink Lady+Apple Red Delicious": 8, "Apple Golden 1+Apple Red Yellow 1": 58, "Grapefruit Pink+Apple Red Yellow 1": 74, "Grapefruit White+Apricot": 8, "Grapefruit Pink+Apricot": 11, "Tangelo+Apricot": 88, "Apple Pink Lady+Apricot": 1, "Avocado ripe+Avocado": 1, "Pear 2+Banana": 19, "Banana Red+Banana": 6, "Corn+Banana Lady Finger": 12, "Onion Red+Beetroot": 462, "Potato Sweet+Beetroot": 22, "Onion Red Peeled+Beetroot": 15, "Onion White+Beetroot": 4, "Plum 3+Blueberry": 37, "Nut Forest+Blueberry": 10, "Onion White+Carambula": 32, "Apple Red Delicious+Cherry 1": 5, "Apricot+Cherry 1": 2, "Pomegranate+Cherry 1": 3, "Tomato Yellow+Cherry Rainier": 40, "Grapefruit Pink+Cherry Rainier": 12, "Apple Braeburn+Cherry Rainier": 18, "Hazelnut+Chestnut": 13, "Potato Red Washed+Chestnut": 19, "Mango Red+Chestnut": 4, "Potato Red+Chestnut": 6, "Beetroot+Cocos": 4, "Pear Red+Corn": 26, "Potato White+Corn": 150, "Pear Williams+Corn": 3, "Pear Stone+Corn": 1, "Apple Red 3+Corn": 2, "Lychee+Corn": 1, "Apple Red 1+Corn": 1, "Onion Red+Corn": 2, "Potato Red Washed+Corn Husk": 1, "Onion Red Peeled+Corn Husk": 1, "Potato Red+Corn Husk": 32, "Potato White+Corn Husk": 9, "Tomato not Ripened+Corn Husk": 162, "Onion Red+Corn Husk": 2, "Onion White+Corn Husk": 1, "Cactus fruit+Corn Husk": 16, "Banana+Corn Husk": 1, "Apricot+Cucumber Ripe 2": 20, "Peach 2+Cucumber Ripe 2": 16, "Apple Pink Lady+Cucumber Ripe 2": 2, "Potato Red Washed+Eggplant": 11, "Cucumber Ripe 2+Eggplant": 1, "Tomato Heart+Eggplant": 1, "Huckleberry+Eggplant": 1, "Pepper Orange+Eggplant": 1, "Chestnut+Eggplant": 92, "Grape White 2+Grape White": 23, "Limes+Guava": 2, "Lemon Meyer+Lemon": 8, "Pear Red+Mangostan": 9, "Lemon Meyer+Maracuja": 7, "Grapefruit Pink+Maracuja": 10, "Apple Braeburn+Nectarine": 364, "Apple Red Yellow 2+Nectarine": 4, "Apple Pink Lady+Nectarine": 7, "Clementine+Nectarine": 7, "Tomato 1+Nectarine": 1, "Mango Red+Nut Forest": 75, "Onion Red+Nut Forest": 13, "Onion Red Peeled+Nut Forest": 10, "Tomato Heart+Nut Forest": 26, "Apple Crimson Snow+Nut Forest": 14, "Chestnut+Nut Pecan": 79, "Onion Red+Onion Red Peeled": 233, "Onion Red+Onion White": 14, "Pear Red+Onion White": 21, "Banana+Banana Red": 46, "Onion White+Kohlrabi": 1, "Pear+Papaya": 1, "Peach+Papaya": 25, "Apple Red Delicious+Passion Fruit": 18, "Apple Red Yellow 1+Peach": 106, "Pear Red+Peach": 41, "Pear Forelle+Peach": 9, "Apple Pink Lady+Peach": 2, "Apple Granny Smith+Pear": 1, "Apple Golden 2+Pear": 1, "Pear Red+Pear 2": 143, "Lemon Meyer+Pear 2": 3, "Pear 2+Pear Abate": 8, "Fig+Pear Abate": 4, "Salak+Pear Abate": 37, "Potato White+Pear Red": 17, "Pear Monster+Pear Williams": 41, "Grape White+Pepino": 45, "Peach Flat+Pepino": 77, "Cucumber Ripe 2+Pepino": 6, "Grapefruit Pink+Pepino": 3, "Apple Golden 2+Pepino": 1, "Tomato 2+Pepper Orange": 11, "Pepper Red+Pepper Orange": 18, "Nectarine Flat+Pepper Orange": 9, "Pear Red+Pepper Orange": 2, "Pepper Yellow+Pepper Red": 15, "Tomato 1+Pepper Red": 4, "Chestnut+Plum": 71, "Apple Braeburn+Pomegranate": 554, "Nectarine+Pomegranate": 68, "Potato Sweet+Potato Red": 224, "Onion Red+Potato Red": 53, "Potato White+Potato Red": 4, "Pear 2+Potato Red Washed": 3, "Mango Red+Potato Red Washed": 5, "Onion Red Peeled+Potato Red Washed": 1, "Onion Red+Potato Sweet": 23, "Walnut+Potato Sweet": 7, "Beetroot+Potato Sweet": 11, "Apple Golden 1+Potato White": 36, "Pear Forelle+Strawberry Wedge": 1, "Strawberry+Strawberry Wedge": 1, "Pear Red+Strawberry Wedge": 1, "Avocado+Strawberry Wedge": 1, "Kiwi+Strawberry Wedge": 1, "Tomato 1+Tomato 3": 31, "Pepper Red+Tomato Heart": 224, "Peach Flat+Apple Crimson Snow": 30, "Cherry Rainier+Apple Crimson Snow": 21, "Apple Red 1+Apple Crimson Snow": 1, "Cantaloupe 2+Apple Golden 1": 96, "Apple Golden 3+Apple Golden 2": 410, "Pear+Apple Golden 3": 362, "Apple Red 3+Apple Red 2": 50, "Apple Red 2+Apple Red Yellow 1": 78, "Potato Red+Beetroot": 1094, "Pear Stone+Beetroot": 475, "Physalis with Husk+Cactus fruit": 333, "Pepino+Cantaloupe 2": 17, "Maracuja+Carambula": 365, "Cactus fruit+Carambula": 417, "Corn+Carambula": 266, "Melon Piel de Sapo+Cherry Rainier": 28, "Pear Abate+Cherry Rainier": 153, "Grapefruit White+Corn": 16, "Melon Piel de Sapo+Corn Husk": 62, "Grape White 4+Corn Husk": 75, "Cherry Wax Black+Eggplant": 36, "Blueberry+Grape Blue": 7, "Mandarine+Kumquats": 8, "Grapefruit White+Lemon": 998, "Guava+Maracuja": 102, "Apple Golden 1+Maracuja": 255, "Pomegranate+Nectarine": 631, "Apple Red 2+Nectarine": 36, "Pepper Orange+Nectarine Flat": 146, "Cocos+Nut Pecan": 70, "Apple Red Delicious+Onion Red Peeled": 66, "Pineapple Mini+Onion White": 313, "Avocado ripe+Banana Red": 18, "Passion Fruit+Banana Red": 30, "Hazelnut+Banana Red": 167, "Eggplant+Banana Red": 35, "Onion Red+Banana Red": 14, "Apple Red 1+Peach Flat": 536, "Cherry Rainier+Pear 2": 45, "Apple Red 2+Pear 2": 67, "Nectarine+Pear 2": 99, "Potato Sweet+Pear Abate": 4, "Cocos+Pear Abate": 13, "Maracuja+Pear Monster": 131, "Apple Red Yellow 1+Pear Red": 79, "Apple Pink Lady+Pear Red": 110, "Cantaloupe 2+Pepino": 210, "Tomato Heart+Pepper Red": 10, "Peach 2+Physalis with Husk": 16, "Mangostan+Plum": 36, "Cherry 2+Pomegranate": 208, "Pineapple+Potato Sweet": 196, "Pepper Green+Tomato not Ripened": 196, "Physalis with Husk+Apple Golden 1": 118, "Apple Golden 3+Apple Golden 1": 7, "Grape Pink+Apple Red 1": 82, "Grape Pink+Apple Red 3": 935, "Pear Red+Apple Red Yellow 1": 229, "Peach+Apple Red Yellow 1": 366, "Guava+Banana": 26, "Banana+Cactus fruit": 82, "Apple Golden 2+Carambula": 74, "Pear Williams+Carambula": 104, "Apple Golden 1+Carambula": 7, "Grapefruit White+Carambula": 6, "Cantaloupe 2+Cherry Rainier": 321, "Cactus fruit+Cherry Rainier": 10, "Kiwi+Cherry Rainier": 31, "Cherry 2+Cherry Rainier": 234, "Pear Kaiser+Eggplant": 142, "Mandarine+Grapefruit Pink": 3, "Chestnut+Mangostan": 233, "Apple Golden 2+Maracuja": 107, "Apple Golden 3+Maracuja": 27, "Pomelo Sweetie+Maracuja": 60, "Apple Golden 2+Melon Piel de Sapo": 16, "Limes+Melon Piel de Sapo": 2, "Tomato 2+Nectarine": 68, "Strawberry+Nectarine": 15, "Mangostan+Nut Pecan": 318, "Cactus fruit+Onion White": 3, "Cucumber Ripe+Banana Red": 86, "Salak+Banana Red": 440, "Apple Red 3+Papaya": 67, "Grape Pink+Peach": 113, "Apple Red 3+Pear 2": 50, "Apple Golden 2+Pear Monster": 15, "Apricot+Pepper Orange": 1188, "Corn+Physalis with Husk": 52, "Banana+Pineapple Mini": 2, "Pear Kaiser+Plum": 14, "Grape Pink+Pomegranate": 224, "Pear Kaiser+Strawberry Wedge": 9, "Tomato 3+Tomato 2": 207, "Tomato 3+Tomato 4": 214, "Lemon+Apple Red Yellow 1": 67, "Melon Piel de Sapo+Beetroot": 11, "Ginger Root+Cactus fruit": 4, "Mandarine+Carambula": 6, "Limes+Carambula": 5, "Melon Piel de Sapo+Carambula": 174, "Redcurrant+Cherry Rainier": 5, "Mango+Corn Husk": 284, "Ginger Root+Kiwi": 7, "Grapefruit Pink+Kumquats": 108, "Pear Monster+Maracuja": 256, "Potato Red Washed+Nut Pecan": 83, "Ginger Root+Onion White": 16, "Granadilla+Onion White": 72, "Peach+Onion White": 2, "Apple Red Delicious+Banana Red": 48, "Pitahaya Red+Banana Red": 200, "Cherry Rainier+Peach Flat": 71, "Apple Red 3+Peach Flat": 276, "Limes+Pear": 61, "Papaya+Pear": 9, "Pear Abate+Pear 2": 166, "Corn Husk+Pear Abate": 10, "Banana Red+Pear Abate": 49, "Apple Red 3+Pear Forelle": 1, "Limes+Pear Williams": 6, "Grape White 2+Pear Williams": 121, "Pineapple+Potato Red": 12, "Tomato 4+Tomato 2": 1223, "Nectarine Flat+Tomato Heart": 13, "Pomegranate+Apple Braeburn": 351, "Apple Red 2+Apple Red 1": 8, "Nectarine+Apple Red 2": 152, "Pineapple+Beetroot": 374, "Ginger Root+Beetroot": 5, "Cocos+Beetroot": 164, "Mangostan+Beetroot": 54, "Kumquats+Carambula": 9, "Pear+Carambula": 3, "Peach Flat+Carambula": 14, "Papaya+Carambula": 1, "Physalis with Husk+Cherry Rainier": 13, "Tomato Maroon+Cherry Rainier": 89, "Onion White+Cherry Rainier": 105, "Kiwi+Corn": 66, "Tomato not Ripened+Mango": 58, "Pepper Red+Nectarine": 303, "Mango Red+Nectarine Flat": 468, "Onion Red+Nut Pecan": 133, "Peach Flat+Onion White": 23, "Pear Abate+Banana Red": 215, "Nut Pecan+Banana Red": 55, "Grape Pink+Pear 2": 4, "Onion Red+Potato Red Washed": 1235, "Tomato Maroon+Potato Red Washed": 144, "Cherry 1+Strawberry": 14, "Raspberry+Strawberry": 1, "Mangostan+Strawberry Wedge": 137, "Apple Crimson Snow+Apple Pink Lady": 53, "Strawberry Wedge+Beetroot": 116, "Grape White+Cherry Rainier": 132, "Banana Red+Corn Husk": 10, "Hazelnut+Corn Husk": 16, "Pear Abate+Corn Husk": 1, "Mangostan+Corn Husk": 10, "Eggplant+Corn Husk": 1, "Mangostan+Eggplant": 8, "Raspberry+Fig": 39, "Cantaloupe 1+Maracuja": 13, "Banana Lady Finger+Maracuja": 29, "Apple Pink Lady+Nectarine Flat": 82, "Strawberry Wedge+Onion Red": 37, "Tangelo+Peach": 53, "Apple Red Yellow 1+Pear 2": 40, "Pomelo Sweetie+Pear Monster": 40, "Apple Red 2+Physalis with Husk": 1, "Pineapple+Pineapple Mini": 59, "Onion White+Potato White": 169, "Onion Red+Strawberry Wedge": 63, "Peach+Apple Red 1": 57, "Kaki+Apple Red Yellow 1": 167, "Physalis+Apricot": 133, "Eggplant+Beetroot": 36, "Avocado+Corn Husk": 20, "Potato White+Ginger Root": 486, "Apple Crimson Snow+Grape Pink": 1, "Peach 2+Guava": 22, "Kiwi+Nut Pecan": 1, "Plum+Banana Red": 4, "Pear 2+Peach Flat": 247, "Apple Golden 1+Pear": 10, "Eggplant+Pear 2": 5, "Salak+Pear 2": 1, "Banana+Pear 2": 8, "Tomato Maroon+Pear 2": 3, "Tomato Yellow+Pepper Orange": 45, "Clementine+Pepper Orange": 260, "Lemon Meyer+Pepper Yellow": 101, "Walnut+Pineapple Mini": 6, "Plum 2+Pitahaya Red": 8, "Tomato Heart+Strawberry": 1, "Pepper Red+Strawberry": 105, "Onion White+Apple Crimson Snow": 25, "Onion White+Apple Pink Lady": 42, "Nectarine+Apple Red Yellow 1": 130, "Cucumber Ripe 2+Apple Red Yellow 2": 3, "Apple Red Yellow 1+Corn": 7, "Cantaloupe 1+Corn": 9, "Potato Sweet+Ginger Root": 87, "Potato Red Washed+Mango Red": 1, "Potato Red+Onion Red": 18, "Kiwi+Pear 2": 1, "Physalis with Husk+Pear Red": 13, "Melon Piel de Sapo+Pear Stone": 5, "Maracuja+Physalis with Husk": 12, "Apple Red Yellow 1+Pomegranate": 29, "Kiwi+Potato White": 7, "Pear 2+Strawberry": 13, "Pear+Apple Golden 1": 39, "Physalis with Husk+Banana": 4, "Cauliflower+Cherry Rainier": 49, "Cherry Rainier+Corn Husk": 10, "Apple Granny Smith+Corn Husk": 25, "Pear Forelle+Corn Husk": 7, "Mango Red+Corn Husk": 3, "Pomegranate+Corn Husk": 1, "Lychee+Corn Husk": 2, "Kiwi+Ginger Root": 18, "Apple Granny Smith+Limes": 121, "Pineapple+Melon Piel de Sapo": 6, "Potato Red Washed+Onion Red": 116, "Salak+Onion Red Peeled": 14, "Nectarine+Peach": 26, "Peach+Peach Flat": 38, "Peach+Pear 2": 13, "Pear 2+Pepino": 77, "Cherry Rainier+Pepino": 16, "Grape Pink+Pepino": 2, "Pomelo Sweetie+Physalis with Husk": 8, "Guava+Physalis with Husk": 7, "Grape Pink+Potato Red Washed": 41, "Cauliflower+Potato Sweet": 118, "Mango Red+Apple Crimson Snow": 225, "Pepino+Cactus fruit": 9, "Grape White 2+Carambula": 11, "Banana Lady Finger+Carambula": 50, "Pear 2+Carambula": 28, "Corn Husk+Eggplant": 22, "Cherry Wax Red+Mango Red": 69, "Watermelon+Kohlrabi": 97, "Pear Monster+Physalis with Husk": 4, "Nectarine Flat+Apple Crimson Snow": 9, "Lemon+Apple Golden 1": 110, "Apple Braeburn+Apple Red 3": 4, "Mandarine+Apple Red Yellow 1": 15, "Grapefruit White+Apple Red Yellow 1": 40, "Chestnut+Beetroot": 289, "Nut Pecan+Beetroot": 27, "Apple Red Yellow 1+Carambula": 17, "Granadilla+Cherry Rainier": 12, "Pear Kaiser+Chestnut": 8, "Blueberry+Eggplant": 29, "Physalis+Grapefruit Pink": 3, "Pear+Maracuja": 11, "Cactus fruit+Melon Piel de Sapo": 19, "Strawberry Wedge+Banana Red": 35, "Avocado ripe+Passion Fruit": 2, "Cucumber Ripe+Pear 2": 45, "Pear Kaiser+Pear Abate": 11, "Apple Golden 1+Pear Monster": 3, "Melon Piel de Sapo+Pineapple": 1, "Cucumber Ripe+Strawberry": 169, "Peach+Apple Braeburn": 8, "Kiwi+Apple Golden 1": 34, "Peach+Apple Red 2": 9, "Carambula+Banana": 2, "Corn+Cactus fruit": 1, "Cactus fruit+Corn": 4, "Apple Golden 1+Corn": 52, "Pear Monster+Corn": 33, "Hazelnut+Eggplant": 5, "Walnut+Eggplant": 1, "Apple Red Delicious+Eggplant": 5, "Dates+Fig": 31, "Tomato Yellow+Lemon Meyer": 86, "Apple Red Yellow 1+Maracuja": 10, "Apple Red 1+Maracuja": 2, "Peach+Maracuja": 5, "Physalis with Husk+Maracuja": 52, "Avocado ripe+Mulberry": 65, "Cherry Wax Yellow+Nectarine Flat": 12, "Physalis with Husk+Nectarine Flat": 9, "Peach Flat+Nectarine Flat": 2, "Strawberry+Nectarine Flat": 65, "Carambula+Nectarine Flat": 3, "Pineapple+Nut Pecan": 19, "Passion Fruit+Onion Red Peeled": 17, "Hazelnut+Onion Red Peeled": 41, "Pear Stone+Onion Red Peeled": 3, "Tamarillo+Pear 2": 3, "Hazelnut+Pear Abate": 12, "Onion Red+Pear Abate": 37, "Potato Red+Pear Abate": 13, "Ginger Root+Pear Abate": 2, "Kaki+Pear Red": 54, "Pepino+Pear Williams": 228, "Cherry Wax Yellow+Pepper Orange": 27, "Avocado ripe+Plum": 6, "Mango+Plum": 1, "Strawberry+Pomegranate": 43, "Apple Red 3+Pomegranate": 60, "Tomato 2+Tomato 4": 278, "Mango+Tomato not Ripened": 15, "Apple Golden 1+Apple Golden 2": 25, "Chestnut+Apple Red Delicious": 44, "Cantaloupe 1+Apple Red Yellow 1": 8, "Rambutan+Avocado ripe": 16, "Rambutan+Blueberry": 2, "Nut Pecan+Chestnut": 97, "Salak+Chestnut": 42, "Potato Sweet+Chestnut": 3, "Rambutan+Cocos": 4, "Pineapple+Cocos": 10, "Pepper Green+Corn Husk": 39, "Kohlrabi+Eggplant": 7, "Cauliflower+Eggplant": 8, "Pineapple+Ginger Root": 20, "Nectarine Flat+Mango Red": 23, "Pear Monster+Melon Piel de Sapo": 257, "Cauliflower+Melon Piel de Sapo": 222, "Tomato 1+Nectarine Flat": 186, "Tomato 3+Nectarine Flat": 22, "Apple Red Yellow 2+Nut Forest": 107, "Apple Pink Lady+Nut Forest": 9, "Cherry Rainier+Nut Pecan": 16, "Salak+Nut Pecan": 1, "Strawberry+Peach": 62, "Pear Abate+Peach Flat": 141, "Corn+Pear 2": 43, "Tomato 2+Pear 2": 28, "Apple Red Yellow 2+Pear Forelle": 2, "Apple Red Yellow 2+Pear Kaiser": 18, "Tomato 2+Pear Red": 1, "Kohlrabi+Pear Stone": 75, "Tomato 1+Pepper Orange": 141, "Granadilla+Pineapple Mini": 18, "Apple Red 3+Plum": 6, "Potato Sweet+Strawberry Wedge": 1, "Pomegranate+Tomato Heart": 1, "Lemon Meyer+Tomato Yellow": 5, "Pepper Green+Watermelon": 1, "Maracuja+Apple Red Yellow 1": 5, "Melon Piel de Sapo+Cactus fruit": 24, "Plum+Cherry 1": 14, "Pear+Corn Husk": 3, "Kumquats+Grapefruit Pink": 10, "Apple Golden 2+Limes": 111, "Pear Monster+Limes": 9, "Apple Pink Lady+Onion White": 116, "Plum 2+Banana Red": 12, "Cactus fruit+Pear 2": 23, "Mango Red+Pear Forelle": 33, "Tomato Cherry Red+Pear Red": 75, "Cauliflower+Pear Stone": 3, "Cantaloupe 1+Physalis with Husk": 15, "Pear Monster+Apple Golden 1": 5, "Apple Red 1+Apple Red 3": 186, "Kumquats+Apple Red Yellow 1": 111, "Cocos+Avocado ripe": 1, "Rambutan+Beetroot": 149, "Apple Red Delicious+Beetroot": 108, "Granadilla+Cactus fruit": 6, "Lychee+Cherry Rainier": 39, "Onion Red Peeled+Chestnut": 11, "Physalis with Husk+Ginger Root": 53, "Pomelo Sweetie+Guava": 10, "Physalis with Husk+Melon Piel de Sapo": 15, "Nectarine Flat+Cucumber Ripe": 13, "Apple Red 2+Pear": 76, "Kaki+Pear 2": 2, "Strawberry Wedge+Pear Abate": 8, "Apple Pink Lady+Pear Forelle": 39, "Peach Flat+Pear Williams": 58, "Apple Braeburn+Pepper Orange": 2, "Grapefruit Pink+Apple Crimson Snow": 15, "Mandarine+Apple Crimson Snow": 2, "Physalis+Apple Crimson Snow": 1, "Pear Red+Apple Crimson Snow": 6, "Pepper Yellow+Apricot": 1, "Hazelnut+Cherry Rainier": 99, "Pear Williams+Cherry Rainier": 188, "Banana Lady Finger+Corn": 1, "Avocado+Eggplant": 2, "Peach Flat+Eggplant": 1, "Cantaloupe 1+Grapefruit White": 7, "Walnut+Hazelnut": 44, "Pear Red+Kaki": 4, "Grape White 2+Melon Piel de Sapo": 25, "Tamarillo+Nectarine": 30, "Potato Red+Onion White": 1, "Pear Abate+Onion White": 19, "Apple Red Yellow 1+Onion White": 19, "Kumquats+Onion White": 6, "Pear Williams+Onion White": 3, "Pear 2+Onion White": 30, "Mandarine+Peach": 49, "Pear Williams+Peach Flat": 35, "Granadilla+Peach Flat": 10, "Kumquats+Pear 2": 1, "Pear Stone+Pear Abate": 18, "Tomato not Ripened+Pepper Green": 5, "Mango Red+Pepper Red": 20, "Banana Lady Finger+Physalis with Husk": 1, "Salak+Strawberry Wedge": 22, "Mango Red+Tomato Heart": 18, "Apple Red 1+Apple Red 2": 39, "Cauliflower+Beetroot": 83, "Grape Blue+Blueberry": 22, "Pear Monster+Cantaloupe 1": 8, "Apple Red 3+Cherry Rainier": 107, "Beetroot+Corn Husk": 32, "Pear Forelle+Mango Red": 126, "Dates+Banana Red": 19, "Banana Red+Pear 2": 29, "Papaya+Pear Forelle": 2, "Nectarine Flat+Pear Red": 5, "Potato Sweet+Pineapple Mini": 1, "Apple Red Delicious+Plum": 25, "Nut Pecan+Potato Red Washed": 4, "Pepper Yellow+Tomato Yellow": 29, "Orange+Tomato Yellow": 15, "Cucumber Ripe 2+Banana Lady Finger": 4, "Peach Flat+Kiwi": 21, "Apple Red Yellow 1+Kumquats": 21, "Tomato Heart+Nectarine Flat": 263, "Chestnut+Onion Red Peeled": 43, "Cherry Rainier+Onion White": 187, "Fig+Banana Red": 13, "Strawberry+Cucumber Ripe": 169, "Pear Forelle+Cucumber Ripe": 13, "Mango Red+Cucumber Ripe": 1, "Peach Flat+Peach": 75, "Pomegranate+Peach": 113, "Apple Red Delicious+Pear Abate": 16, "Walnut+Pepino": 4, "Cactus fruit+Pineapple Mini": 5, "Cocos+Potato Red": 60, "Cocos+Potato Sweet": 2, "Onion Red Peeled+Salak": 5, "Plum+Salak": 2, "Apple Braeburn+Apple Red Yellow 1": 114, "Lemon+Cantaloupe 1": 24, "Grapefruit White+Cantaloupe 1": 26, "Pomegranate+Cherry Rainier": 4, "Maracuja+Corn": 23, "Apple Red 3+Kiwi": 3, "Granadilla+Kumquats": 27, "Guava+Pear": 33, "Potato Red Washed+Pear Abate": 15, "Tomato Maroon+Pear Abate": 5, "Papaya+Physalis with Husk": 3, "Pineapple Mini+Pineapple": 15, "Blueberry+Plum 3": 57, "Hazelnut+Potato Red": 4, "Pear Forelle+Strawberry": 18, "Banana Red+Strawberry Wedge": 75, "Apple Red Yellow 1+Apple Golden 1": 7, "Apple Red 2+Apple Golden 1": 24, "Apple Red Yellow 1+Apple Red 1": 4, "Apple Red Yellow 2+Banana": 3, "Peach 2+Carambula": 2, "Limes+Cherry Rainier": 3, "Pear Stone+Chestnut": 3, "Onion Red+Chestnut": 6, "Carambula+Corn": 7, "Passion Fruit+Corn Husk": 29, "Pepino+Corn Husk": 22, "Salak+Corn Husk": 2, "Onion White+Ginger Root": 15, "Potato Red+Ginger Root": 7, "Pear+Kiwi": 5, "Pepino+Onion Red Peeled": 1, "Apple Golden 1+Onion White": 4, "Corn Husk+Banana Red": 81, "Tomato 2+Peach": 36, "Cactus fruit+Pear Williams": 37, "Pear Abate+Pineapple Mini": 16, "Pomegranate+Strawberry": 2, "Peach Flat+Apple Red 1": 9, "Lemon+Banana": 1, "Cactus fruit+Banana": 31, "Nectarine+Carambula": 8, "Pear 2+Corn": 9, "Pear+Corn": 16, "Walnut+Corn Husk": 13, "Cantaloupe 2+Corn Husk": 1, "Peach Flat+Corn Husk": 5, "Kiwi+Corn Husk": 3, "Potato Sweet+Corn Husk": 10, "Nut Forest+Mango Red": 26, "Cantaloupe 1+Melon Piel de Sapo": 28, "Cantaloupe 2+Melon Piel de Sapo": 1, "Nectarine+Pepper Red": 28, "Cherry 2+Pepper Red": 5, "Pomegranate+Pepper Red": 1, "Pear+Physalis with Husk": 1, "Peach+Pomegranate": 21, "Tomato not Ripened+Strawberry Wedge": 1, "Apple Red Yellow 1+Apple Braeburn": 32, "Pear Forelle+Cherry Rainier": 8, "Strawberry Wedge+Corn Husk": 10, "Grape Pink+Corn Husk": 2, "Apple Red 1+Corn Husk": 1, "Pineapple+Corn Husk": 2, "Plum 3+Dates": 26, "Pitahaya Red+Eggplant": 2, "Melon Piel de Sapo+Eggplant": 31, "Strawberry Wedge+Eggplant": 2, "Grape White 3+Maracuja": 10, "Grape Pink+Nectarine Flat": 2, "Tomato 2+Nectarine Flat": 6, "Apple Crimson Snow+Nectarine Flat": 47, "Apple Golden 1+Physalis with Husk": 29, "Pear 2+Plum": 2, "Cherry 1+Plum": 14, "Potato Red Washed+Potato Sweet": 4, "Apple Red 3+Apple Braeburn": 6, "Tomato Yellow+Physalis": 7, "Apple Red 3+Peach": 14, "Potato White+Physalis with Husk": 7, "Watermelon+Tomato not Ripened": 5, "Pomelo Sweetie+Banana": 5, "Grape White 4+Beetroot": 1, "Cactus fruit+Beetroot": 1, "Lychee+Beetroot": 10, "Dates+Blueberry": 29, "Apple Red 2+Carambula": 1, "Granadilla+Carambula": 3, "Grape White 2+Cherry Rainier": 60, "Pineapple Mini+Cherry Rainier": 23, "Apple Red 1+Cherry Rainier": 25, "Melon Piel de Sapo+Ginger Root": 16, "Apple Red 3+Grape Pink": 70, "Avocado+Nut Pecan": 6, "Grape White 4+Nut Pecan": 9, "Pear+Nut Pecan": 1, "Apple Red 3+Onion White": 19, "Pear+Pear 2": 1, "Granadilla+Pear 2": 5, "Redcurrant+Potato Red Washed": 11, "Tomato Maroon+Potato Sweet": 18, "Kohlrabi+Avocado": 10, "Salak+Cherry Rainier": 23, "Pear Williams+Ginger Root": 14, "Corn+Lemon": 1, "Pear Monster+Lemon": 14, "Physalis with Husk+Lemon": 20, "Cocos+Onion Red Peeled": 10, "Apple Pink Lady+Cucumber Ripe": 2, "Grape Pink+Peach Flat": 88, "Pomegranate+Peach Flat": 3, "Papaya+Pear 2": 44, "Physalis+Pepper Orange": 7, "Potato Red Washed+Tomato Maroon": 6, "Passion Fruit+Avocado ripe": 6, "Melon Piel de Sapo+Cantaloupe 2": 2, "Mandarine+Corn": 24, "Potato Sweet+Kiwi": 5, "Pineapple Mini+Kiwi": 21, "Cucumber Ripe+Pear Forelle": 1, "Pear 2+Pear Williams": 22, "Physalis with Husk+Pepino": 12, "Banana Red+Pitahaya Red": 6, "Banana Red+Salak": 21, "Guava+Apple Golden 1": 33, "Apple Granny Smith+Apple Golden 3": 41, "Apple Red Yellow 1+Cherry Rainier": 4, "Potato Red+Hazelnut": 36, "Peach Flat+Pomegranate": 9, "Chestnut+Potato Red": 4, "Pear Williams+Apple Golden 1": 8, "Avocado+Apple Granny Smith": 9, "Eggplant+Chestnut": 7, "Plum+Chestnut": 44, "Plum+Grape Pink": 4, "Pear Williams+Melon Piel de Sapo": 30, "Strawberry Wedge+Nut Pecan": 31, "Cactus fruit+Banana Red": 4, "Corn+Banana Red": 5, "Cauliflower+Kohlrabi": 4, "Cherry 2+Peach Flat": 1, "Cactus fruit+Pear Abate": 14, "Onion White+Pear Red": 1, "Apple Red 3+Pear Red": 1, "Cactus fruit+Physalis with Husk": 16, "Pitahaya Red+Pomegranate": 6, "Potato White+Potato Sweet": 42, "Pineapple Mini+Cactus fruit": 8, "Potato Red+Cherry Rainier": 18, "Pepper Yellow+Nectarine Flat": 1, "Potato Sweet+Banana Red": 10, "Tomato Maroon+Cucumber Ripe": 3, "Orange+Pepper Orange": 3, "Strawberry Wedge+Salak": 38, "Maracuja+Apple Golden 1": 9, "Apple Golden 1+Cantaloupe 1": 4, "Pepino+Carambula": 20, "Banana+Carambula": 25, "Pear Abate+Carambula": 2, "Chestnut+Cocos": 23, "Apple Pink Lady+Corn": 29, "Orange+Cucumber Ripe 2": 1, "Huckleberry+Dates": 20, "Pineapple+Kiwi": 6, "Salak+Mangostan": 3, "Nut Pecan+Onion White": 18, "Orange+Peach": 23, "Pitahaya Red+Pear 2": 14, "Physalis with Husk+Pear Monster": 1, "Peach Flat+Pear Red": 2, "Cocos+Walnut": 5, "Peach Flat+Apple Red 3": 19, "Strawberry+Avocado": 12, "Pear Williams+Limes": 20, "Melon Piel de Sapo+Limes": 10, "Cactus fruit+Limes": 9, "Apple Red 2+Peach": 5, "Pear Stone+Plum 3": 3, "Tamarillo+Strawberry": 45, "Pepper Red+Tomato 2": 5, "Banana Lady Finger+Banana": 12, "Apple Red Delicious+Chestnut": 18, "Apple Red Yellow 2+Mango Red": 9, "Tomato not Ripened+Onion Red Peeled": 1, "Pear 2+Cucumber Ripe": 11, "Tomato 2+Cucumber Ripe": 24, "Eggplant+Pear Abate": 27, "Pear 2+Physalis with Husk": 3, "Kohlrabi+Potato Sweet": 21, "Pepper Orange+Apricot": 111, "Kohlrabi+Beetroot": 19, "Pomegranate+Cherry 2": 34, "Fig+Dates": 3, "Raspberry+Dates": 22, "Plum+Mangostan": 129, "Nectarine Flat+Nectarine": 7, "Pomegranate+Nut Pecan": 1, "Grape White 2+Onion White": 14, "Tomato 3+Pear Red": 7, "Grape White+Pear Williams": 27, "Salak+Pitahaya Red": 17, "Mangostan+Potato Red Washed": 24, "Nectarine Flat+Tomato 3": 1, "Pear Abate+Cactus fruit": 9, "Grape Pink+Cherry Rainier": 19, "Cantaloupe 2+Ginger Root": 24, "Walnut+Kohlrabi": 1, "Onion White+Pear Forelle": 3, "Cocos+Corn Husk": 3, "Nut Pecan+Corn Husk": 1, "Apple Red 3+Pepino": 21, "Peach Flat+Potato Sweet": 10, "Pitahaya Red+Cherry Rainier": 57, "Plum 2+Cherry Rainier": 3, "Pineapple+Lemon": 12, "Nectarine Flat+Nut Forest": 1, "Chestnut+Passion Fruit": 20, "Peach Flat+Physalis with Husk": 2, "Tomato 2+Pomegranate": 13, "Strawberry+Tomato Heart": 4, "Nectarine+Tomato Heart": 2, "Pineapple+Apple Red 1": 1, "Corn Husk+Beetroot": 12, "Banana+Corn": 2, "Apple Red 2+Corn": 7, "Papaya+Corn": 56, "Tomato Maroon+Corn Husk": 7, "Apple Golden 1+Corn Husk": 1, "Watermelon+Eggplant": 3, "Pear Abate+Ginger Root": 1, "Pear 2+Ginger Root": 18, "Strawberry+Mangostan": 5, "Mangostan+Banana Red": 24, "Quince+Pear Monster": 13, "Cucumber Ripe 2+Pepper Yellow": 2, "Cauliflower+Pineapple": 28, "Pear Forelle+Apple Pink Lady": 3, "Tangelo+Apple Red Yellow 1": 28, "Strawberry Wedge+Chestnut": 1, "Pear Abate+Kiwi": 1, "Pepino+Onion White": 5, "Nut Pecan+Pear Kaiser": 3, "Eggplant+Pear Kaiser": 5, "Pear Stone+Ginger Root": 3, "Nut Forest+Nectarine Flat": 2, "Pear Abate+Nut Pecan": 5, "Peach Flat+Cucumber Ripe": 5, "Tangelo+Pear Red": 17, "Cherry Wax Red+Pepper Red": 12, "Banana+Physalis with Husk": 2, "Physalis with Husk+Pineapple Mini": 4, "Cauliflower+Potato Red": 19, "Ginger Root+Potato Red": 1, "Potato Red+Potato Red Washed": 9, "Beetroot+Rambutan": 10, "Limes+Apple Granny Smith": 9, "Watermelon+Melon Piel de Sapo": 55, "Beetroot+Banana Red": 49, "Pear Forelle+Papaya": 51, "Pineapple Mini+Pear Abate": 4, "Pineapple+Pear Abate": 31, "Peach Flat+Pear Forelle": 4, "Cauliflower+Pear Forelle": 7, "Grape Pink+Pear Forelle": 3, "Carambula+Banana Lady Finger": 2, "Pineapple Mini+Carambula": 6, "Apple Red Yellow 2+Corn": 7, "Pepper Yellow+Cucumber Ripe 2": 14, "Pepper Orange+Nectarine": 14, "Guava+Nut Pecan": 3, "Ginger Root+Banana Red": 3, "Nut Forest+Papaya": 22, "Banana Lady Finger+Pear 2": 2, "Carambula+Physalis with Husk": 16, "Cucumber Ripe+Salak": 4, "Nectarine Flat+Strawberry": 8, "Peach Flat+Apple Red Yellow 1": 5, "Mango Red+Apple Red Yellow 2": 2, "Cherry Wax Yellow+Carambula": 3, "Banana Red+Cherry Rainier": 3, "Apple Red Delicious+Cherry Rainier": 7, "Pineapple+Eggplant": 4, "Pear+Limes": 15, "Grapefruit White+Mandarine": 4, "Pear Williams+Maracuja": 3, "Grape White 2+Maracuja": 2, "Apple Golden 1+Melon Piel de Sapo": 20, "Pear Red+Nectarine": 14, "Redcurrant+Nectarine Flat": 22, "Apricot+Nectarine Flat": 1, "Tomato Maroon+Onion White": 2, "Tomato Maroon+Peach Flat": 18, "Onion Red Peeled+Pear Abate": 5, "Clementine+Pepper Yellow": 10, "Nectarine+Tamarillo": 1, "Chestnut+Corn Husk": 3, "Grape White+Ginger Root": 6, "Potato White+Peach Flat": 12, "Nut Pecan+Pepino": 5, "Tomato Maroon+Pepino": 2, "Potato Red+Pineapple": 4, "Strawberry Wedge+Plum": 9, "Avocado ripe+Strawberry Wedge": 10, "Walnut+Strawberry Wedge": 2, "Rambutan+Strawberry Wedge": 15, "Lychee+Strawberry Wedge": 9, "Potato White+Cantaloupe 2": 1, "Cucumber Ripe+Cherry Rainier": 15, "Cantaloupe 2+Peach Flat": 2, "Lychee+Potato Red": 9, "Cocos+Salak": 1, "Apple Red Yellow 1+Apple Red 2": 19, "Peach+Apricot": 15, "Pomelo Sweetie+Carambula": 7, "Kumquats+Mandarine": 17, "Apple Red Yellow 1+Mandarine": 9, "Salak+Cucumber Ripe": 21, "Nut Pecan+Peach Flat": 40, "Cherry Rainier+Pomegranate": 8, "Pepper Green+Potato Red": 4, "Pear Red+Tomato Cherry Red": 6, "Pineapple Mini+Corn": 1, "Nut Pecan+Eggplant": 24, "Tomato Maroon+Nut Pecan": 3, "Physalis with Husk+Pear Williams": 4, "Kohlrabi+Mango": 6, "Banana Red+Maracuja": 1, "Pear Forelle+Onion White": 24, "Banana Red+Pepino": 4, "Pineapple+Walnut": 2, "Cantaloupe 1+Apple Golden 2": 5, "Banana Lady Finger+Cactus fruit": 1, "Tomato 2+Cherry 2": 2, "Cherry Wax Yellow+Corn": 17, "Nut Pecan+Mangostan": 24, "Apple Red Yellow 2+Maracuja": 22, "Apple Red 2+Peach Flat": 1, "Grape White 3+Pear": 20, "Beetroot+Pear Abate": 3, "Melon Piel de Sapo+Pear Williams": 8, "Corn Husk+Pineapple": 18, "Maracuja+Pomelo Sweetie": 4, "Kumquats+Quince": 5, "Mulberry+Blueberry": 1, "Kumquats+Corn": 1, "Potato White+Onion White": 12, "Apricot+Peach": 8, "Kiwi+Peach Flat": 15, "Cocos+Strawberry Wedge": 12, "Mango Red+Apple Pink Lady": 1, "Peach 2+Banana": 2, "Mangostan+Cherry Rainier": 3, "Guava+Corn Husk": 1, "Tomato Maroon+Grape Pink": 16, "Cocos+Hazelnut": 35, "Grape White 3+Melon Piel de Sapo": 1, "Cucumber Ripe+Nut Forest": 5, "Banana Red+Nut Forest": 1, "Physalis with Husk+Onion White": 2, "Cherry 1+Banana Red": 5, "Granadilla+Peach": 8, "Nectarine+Pear Red": 71, "Apple Red Delicious+Pepper Orange": 9, "Tamarillo+Pitahaya Red": 4, "Quince+Pomelo Sweetie": 10, "Hazelnut+Tomato Maroon": 12, "Peach Flat+Banana": 13, "Plum+Eggplant": 21, "Tomato Heart+Nectarine": 1, "Peach 2+Onion White": 2, "Watermelon+Pear 2": 1, "Kumquats+Pear Red": 17, "Watermelon+Pear Stone": 21, "Grape White 3+Guava": 16, "Melon Piel de Sapo+Pear Monster": 41, "Granadilla+Apple Red Yellow 1": 8, "Granadilla+Pear Abate": 3, "Tomato 1+Strawberry": 1, "Pepper Green+Strawberry Wedge": 2, "Grape White 3+Banana": 3, "Mulberry+Beetroot": 2, "Kiwi+Cactus fruit": 6, "Maracuja+Cantaloupe 1": 3, "Banana+Cherry Rainier": 10, "Cantaloupe 2+Corn": 3, "Plum 3+Grape Blue": 1, "Melon Piel de Sapo+Grape White": 2, "Avocado+Mango": 2, "Mulberry+Banana Red": 11, "Potato Red+Banana Red": 2, "Potato Red Washed+Banana Red": 2, "Melon Piel de Sapo+Kohlrabi": 7, "Nut Forest+Pear 2": 4, "Nectarine Flat+Pear 2": 11, "Mulberry+Pear Abate": 13, "Nut Forest+Pear Forelle": 4, "Melon Piel de Sapo+Pepino": 5, "Walnut+Pineapple": 4, "Ginger Root+Pineapple": 13, "Grape Pink+Plum": 5, "Potato Red+Tomato Maroon": 9, "Physalis+Peach": 14, "Pear 2+Pitahaya Red": 3, "Mango Red+Corn": 1, "Mangostan+Onion Red Peeled": 6, "Plum+Onion White": 2, "Maracuja+Onion White": 8, "Nectarine Flat+Peach": 3, "Pear 2+Pear Forelle": 3, "Cactus fruit+Watermelon": 1, "Onion White+Apple Golden 1": 7, "Nut Forest+Corn": 17, "Cocos+Banana Red": 1, "Apple Red Delicious+Potato Red Washed": 1, "Pear Abate+Potato Sweet": 1, "Clementine+Tomato Yellow": 35, "Pineapple Mini+Apple Golden 1": 2, "Grape White 2+Apple Golden 2": 9, "Pear+Apple Red Yellow 1": 2, "Plum 3+Beetroot": 10, "Potato White+Cactus fruit": 18, "Pear 2+Cactus fruit": 16, "Pear Forelle+Corn": 16, "Cherry Wax Black+Corn": 1, "Pear 2+Eggplant": 1, "Tamarillo+Banana Red": 10, "Pear Forelle+Physalis with Husk": 1, "Fig+Corn Husk": 11, "Pear Williams+Grape White 2": 2, "Raspberry+Huckleberry": 13, "Pomegranate+Mango Red": 5, "Cactus fruit+Maracuja": 2, "Melon Piel de Sapo+Maracuja": 1, "Banana Red+Nut Pecan": 7, "Guava+Onion White": 4, "Potato Sweet+Pear Forelle": 6, "Plum 3+Pear Kaiser": 9, "Pear Stone+Potato Red": 3, "Apple Crimson Snow+Potato Red Washed": 6, "Cherry Rainier+Redcurrant": 128, "Cauliflower+Walnut": 1, "Maracuja+Banana": 2, "Potato White+Banana": 2, "Ginger Root+Banana": 1, "Potato Sweet+Banana": 2, "Walnut+Ginger Root": 5, "Tangelo+Nectarine": 25, "Grape Pink+Nut Pecan": 17, "Kiwi+Onion White": 6, "Tomato 3+Pear 2": 47, "Passion Fruit+Potato Red": 4, "Apricot+Strawberry": 1, "Pepino+Banana": 2, "Watermelon+Cauliflower": 2, "Onion Red+Cherry Rainier": 1, "Pineapple Mini+Ginger Root": 2, "Carambula+Pepper Yellow": 8, "Apple Golden 2+Apple Golden 1": 8, "Mandarine+Grapefruit White": 12, "Pear Stone+Melon Piel de Sapo": 41, "Ginger Root+Peach Flat": 4, "Banana Red+Pineapple Mini": 2, "Nut Pecan+Pineapple Mini": 1, "Pear 2+Potato White": 1, "Tomato 1+Tomato Heart": 3, "Onion White+Apple Red 3": 6, "Strawberry+Apple Red 3": 3, "Redcurrant+Nut Pecan": 2, "Onion Red Peeled+Banana Red": 14, "Pineapple Mini+Potato Sweet": 7, "Tomato 3+Tomato 1": 21, "Kohlrabi+Tomato not Ripened": 12, "Fig+Blueberry": 1, "Apple Red 1+Carambula": 1, "Tomato Maroon+Corn": 1, "Grapefruit White+Guava": 9, "Blueberry+Huckleberry": 35, "Mango+Limes": 2, "Cherry Wax Yellow+Apple Red Yellow 1": 1, "Cocos+Chestnut": 2, "Pomegranate+Banana Red": 2, "Tomato not Ripened+Kohlrabi": 10, "Pomegranate+Plum": 7, "Tomato Maroon+Potato Red": 1, "Pepper Red+Nectarine Flat": 32, "Tomato 2+Tomato 3": 15, "Pear Abate+Banana": 1, "Mulberry+Eggplant": 5, "Apple Red Yellow 2+Pear 2": 20, "Onion White+Potato Sweet": 1, "Tomato Heart+Mango Red": 4, "Pepper Red+Mango Red": 5, "Mangostan+Pineapple Mini": 10, "Strawberry Wedge+Potato Red Washed": 4, "Potato Red Washed+Beetroot": 33, "Kohlrabi+Cherry Rainier": 26, "Pineapple+Cherry Rainier": 21, "Beetroot+Cherry Rainier": 16, "Mulberry+Dates": 54, "Peach+Eggplant": 1, "Apple Red 2+Maracuja": 1, "Hazelnut+Onion Red": 10, "Tomato 3+Cucumber Ripe": 12, "Potato Red Washed+Cucumber Ripe": 4, "Kohlrabi+Pepino": 15, "Mango+Pepino": 1, "Pepper Green+Beetroot": 4, "Tomato Heart+Cherry Rainier": 9, "Cherry Wax Red+Onion Red": 2, "Onion White+Peach Flat": 2, "Papaya+Pepper Orange": 31, "Apple Golden 3+Pepper Yellow": 6, "Grapefruit White+Physalis with Husk": 15, "Pear Forelle+Potato White": 7, "Lychee+Redcurrant": 2, "Pineapple+Strawberry": 1, "Apple Red 3+Nectarine Flat": 11, "Pear Abate+Beetroot": 4, "Carambula+Cactus fruit": 3, "Passion Fruit+Pear Abate": 8, "Grape White 3+Physalis with Husk": 1, "Kiwi+Potato Sweet": 4, "Papaya+Guava": 5, "Pear Red+Nectarine Flat": 4, "Nectarine+Nectarine Flat": 7, "Peach+Nectarine Flat": 3, "Pear Stone+Banana Red": 7, "Tomato Cherry Red+Pepper Red": 17, "Apple Red Delicious+Pomegranate": 48, "Onion Red Peeled+Strawberry Wedge": 8, "Pineapple+Strawberry Wedge": 1, "Lemon Meyer+Cucumber Ripe 2": 25, "Banana Red+Fig": 123, "Pomelo Sweetie+Lemon": 1, "Redcurrant+Onion Red Peeled": 36, "Banana Red+Peach Flat": 6, "Huckleberry+Raspberry": 82, "Potato White+Apple Golden 1": 42, "Nut Pecan+Apple Red Delicious": 8, "Tomato Heart+Apple Red Yellow 2": 1, "Potato Sweet+Cantaloupe 2": 1, "Pomelo Sweetie+Corn": 5, "Quince+Corn": 2, "Pomelo Sweetie+Grape White 3": 3, "Apple Red Yellow 1+Lemon": 4, "Quince+Lemon": 5, "Onion Red+Lychee": 6, "Corn+Maracuja": 24, "Tomato 4+Nectarine Flat": 68, "Apple Red 3+Nut Forest": 7, "Onion White+Nut Pecan": 1, "Pineapple+Onion Red Peeled": 10, "Grape Pink+Cucumber Ripe": 1, "Grape White 2+Pear": 11, "Peach Flat+Pear": 1, "Banana+Pear Abate": 16, "Redcurrant+Pear Forelle": 12, "Tomato Cherry Red+Pepper Orange": 4, "Tomato Yellow+Pepper Yellow": 55, "Fig+Plum": 5, "Cherry Rainier+Potato Red Washed": 4, "Potato Red+Strawberry Wedge": 2, "Potato Red+Walnut": 3, "Onion Red Peeled+Fig": 8, "Salak+Fig": 1, "Lychee+Nut Pecan": 9, "Redcurrant+Onion White": 9, "Redcurrant+Pear 2": 14, "Mango+Beetroot": 62, "Pear Kaiser+Banana Red": 2, "Apple Crimson Snow+Pear Forelle": 11, "Mango+Pear Stone": 1, "Pear+Potato White": 7, "Apple Pink Lady+Potato White": 9, "Papaya+Potato White": 4, "Potato Red Washed+Strawberry Wedge": 7, "Fig+Eggplant": 4, "Peach Flat+Ginger Root": 4, "Apple Golden 1+Guava": 23, "Pear Abate+Strawberry Wedge": 1, "Mangostan+Apple Red Delicious": 2, "Pear Forelle+Beetroot": 24, "Mango Red+Beetroot": 4, "Ginger Root+Cauliflower": 3, "Kaki+Cherry Rainier": 19, "Tomato Yellow+Orange": 1, "Nut Forest+Cherry Rainier": 5, "Strawberry+Cherry Rainier": 6, "Cucumber Ripe+Eggplant": 1, "Granadilla+Pear Red": 26, "Pear Monster+Quince": 3}